C/Abaa;Abaa;V/Aru
C/Abbe Gonzalves;Abbe Gonzalves;V/Ariwara
C/Adi;Adi;V/Ingbokolo
C/Aluba;Chefferie Aluba;T/Kibombo
C/Alunguli;Alunguli;V/Kindu
C/Alur;Chefferie Alur;T/Aru
C/Alur-Djuganda;Chefferie Alur-Djuganda;T/Mahagi
C/Aluza;Aluza;V/Lubutu
C/Amanyombo;Amanyombo;V/Punia
C/Andikofa;Chefferie Andikofa;T/Watsa
C/Andisoma;Chefferie Andisoma;T/Irumu
C/Andobi;Chefferie Andobi;T/Watsa
C/Anghal;Chefferie Anghal;T/Mahagi
C/Ango;Ango;T/Ango
C/Ankutshu;Chefferie Ankutshu;T/Kibombo
C/Annexe;Annexe;V/Lubumbashi
C/Anoalite;Anoalite;V/Wamba
C/Apaa;Apaa;V/Ariwara
C/Arie;Arie;V/Ingbokolo
C/Asefu;Asefu;V/Oicha
C/Ateru;Chefferie Ateru;T/Watsa
C/Autsai;Autsai;V/Aru
C/Avuru-Duma;Chefferie Avuru-Duma;T/Aketi
C/Avuru-Gatanga;Chefferie Avuru-Gatanga;T/Aketi
C/Azanga;Chefferie Azanga;T/Rungu
C/Babade;Babade;V/Buta
C/Babelebe;Chefferie Babelebe;T/Irumu
C/Babene;Chefferie Babene;T/Pangi
C/Baboa-Bakoe;Chefferie Baboa-Bakoe;T/Irumu
C/Baboma-Nord;Chefferie Baboma-Nord;T/Mushie
C/Babombi;Chefferie Babombi;T/Mambasa
C/Baboro;Chefferie Baboro;T/Banalia
C/Badia;Chefferie Badia;T/Kutu
C/Baenga;Baenga;V/Basankusu
C/Bafuliro;Chefferie Bafuliro;T/Uvira
C/Bafwagada;Chefferie Bafwagada;T/Wamba
C/Bafwakoy;Chefferie Bafwakoy;T/Wamba
C/Bafwasende;Bafwasende;T/Bafwasende
C/Bagata;Bagata;T/Bagata
C/Bagira;Bagira;V/Bukavu
C/Bahema Boga;Chefferie Bahema Boga;T/Irumu
C/Bahema d'Irumu;Chefferie Bahema d'Irumu;T/Irumu
C/Bahema Mitego;Chefferie Bahema Mitego;T/Irumu
C/Bahema-Badjere;Chefferie Bahema-Badjere;T/Djugu
C/Bahema-Banywagi;Chefferie Bahema-Banywagi;T/Djugu
C/Bahema-Nord;Chefferie Bahema-Nord;T/Djugu
C/Bahema-Sud;Chefferie Bahema-Sud;T/Irumu
C/Bahina;Chefferie Bahina;T/Kibombo
C/Bahunde;Chefferie Bahunde;T/Masisi
C/Bakangaie-Avuru;Chefferie Bakangaie-Avuru;T/Poko
C/Bakete;Chefferie Bakete;T/Bambesa
C/Bakisi;Chefferie Bakisi;T/Shabunda
C/Bakongola;Chefferie Bakongola;T/Kibombo
C/Bakongolo;Chefferie Bakongolo;T/Manono
C/Bakuba;Chefferie Bakuba;T/Mweka
C/Bakwa-Kalondji;Chefferie Bakwa-Kalondji;T/Tshilenge
C/Bakwa-Mulumba;Chefferie Bakwa-Mulumba;T/Ngandajika
C/Bakwange;Chefferie Bakwange;T/Kasongo
C/Bakwanza;Chefferie Bakwanza;T/Mambasa
C/Balika-Toriko;Chefferie Balika-Toriko;T/Wamba
C/Balungu;Balungu;T/Lubao
C/Baluolambila;Chefferie Baluolambila;T/Isangi
C/Bamate;Chefferie Bamate;T/Lubero
C/Bambesa;Bambesa;T/Bambesa
C/Bambili;Bambili;V/Dingila
C/Bambo;Bambo;T/Rutshuru
C/Bamokandi;Bamokandi;V/Dungu
C/Bana-Ba-Ntumba;Bana-Ba-Ntumba;T/Dimbelenge
C/Banalia;Banalia;T/Banalia
C/Bandaka;Chefferie Bandaka;T/Mambasa
C/Bandalungwa;Bandalungwa;V/Kinshasa
C/Bandole;Bandole;V/Basoko
C/Bandu-Lokutu;Bandu-Lokutu;V/Basoko
C/Bangengele;Chefferie Bangengele;T/Kailo
C/Banyari-Tchabi;Chefferie Banyari-Tchabi;T/Irumu
C/Baraka Centre;Baraka Centre;V/Baraka
C/Barisi-Mongingita;Chefferie Barisi-Mongingita;T/Buta
C/Barumbu;Barumbu;V/Kinshasa
C/Basanga;Chefferie Basanga;T/Kambove
C/Basankusu;Basankusu;V/Basankusu
C/Basenge;Basenge;V/Punia
C/Bashali;Chefferie Bashali;T/Masisi
C/Bashu;Chefferie Bashu;T/Beni
C/Basile;Chefferie Basile;T/Mwenga
C/Basili;Chefferie Basili;T/Irumu
C/Basoko;Basoko;V/Bandundu
C/Basonge I;Chefferie Basonge I;T/Kasongo
C/Baswagha;Chefferie Baswagha;T/Lubero
C/Batangi;Chefferie Batangi;T/Lubero
C/Bateke-Nord;Chefferie Bateke-Nord;T/Bolobo
C/Batere;Chefferie Batere;T/Kutu
C/Bavira;Chefferie Bavira;T/Uvira
C/Bayashi;Chefferie Bayashi;T/Kongolo
C/Baye;Baye;T/Bondo
C/Bayeke;Chefferie Bayeke;T/Lubudi
C/Bayeu-Bogbama;Chefferie Bayeu-Bogbama;T/Buta
C/Bayeu-Bogongea;Chefferie Bayeu-Bogongea;T/Buta
C/Befale;Befale;T/Befale
C/Bembe;Bembe;V/Ilebo
C/Bena Nkuna;Bena Nkuna;T/Kabeya-Kamwanga
C/Bena-Nyembo;Chefferie Bena-Nyembo;T/Kongolo
C/Bena-Tanga;Chefferie Bena-Tanga;T/Moba
C/Benia-Samba;Chefferie Benia-Samba;T/Kasongo
C/Benze;Chefferie Benze;T/Kalemie
C/Beu;Beu;V/Beni
C/Biakato;Biakato;T/Mambasa
C/Biamange;Chefferie Biamange;T/Bondo
C/Bibembo;Bibembo;V/Masi-Manimba
C/Bikenge;Bikenge;T/Kasongo
C/Bikoro;Bikoro;T/Bikoro
C/Bili;Bili;T/Bondo
C/Bilonda;Bilonda;T/Kazumba
C/Binga;Binga;T/Lisala
C/Bipatu;Bipatu;V/Luebo
C/Bipemba;Bipemba;V/Mbuji-Mayi
C/Bitanga;Bitanga;V/Kamituga
C/Boemi;Chefferie Boemi;T/Niangara
C/Boende;Boende;V/Boende
C/Bokakata;Bokakata;T/Basankusu
C/Bokapo;Chefferie Bokapo;T/Bambesa
C/Bokiba;Chefferie Bokiba;T/Bambesa
C/Bokoro;Bokoro;T/Kutu
C/Bokungu;Bokungu;T/Bokungu
C/Bolikango;Bolikango;V/Lisala
C/Bolobo;Bolobo;V/Bolobo
C/Bolomba;Bolomba;T/Bolomba
C/Bolomboki;Chefferie Bolomboki;T/Isangi
C/Bolungwa;Chefferie Bolungwa;T/Bambesa
C/Bombo-Bagumba;Chefferie Bombo-Bagumba;T/Mambasa
C/Bomongo;Bomongo;T/Bomongo
C/Bondo;Bondo;V/Bondo
C/Bondongola;Chefferie Bondongola;T/Aketi
C/Bondoyi;Bondoyi;V/Mwene-Ditu
C/Bongandanga;Bongandanga;T/Bongandanga
C/Bonse;Bonse;V/Inongo
C/Bosobolo;Bosobolo;T/Bosobolo
C/Bosso;Chefferie Bosso;T/Bondo
C/Boya;Boya;T/Miabi
C/Budja;Budja;V/Bumba
C/Budjala;Budjala;T/Budjala
C/Buhavu;Chefferie Buhavu;T/Kalehe
C/Bukama;Bukama;T/Bukama
C/Bukiongo-Luanga;Bukiongo-Luanga;T/Bulungu
C/Bukumu;Chefferie Bukumu;T/Nyiragongo
C/Bulambika;Bulambika;T/Kalehe
C/Bulengera;Bulengera;V/Butembo
C/Buloho;Chefferie Buloho;T/Kalehe
C/Bulongo;Bulongo;T/Beni
C/Bumbu;Bumbu;V/Kinshasa
C/Bungulu;Bungulu;V/Beni
C/Burhinyi;Chefferie Burhinyi;T/Mwenga
C/Businga;Businga;T/Businga
C/Butumba;Chefferie Butumba;T/Bukama
C/Buzito;Buzito;V/Rutshuru
C/Bwalayu;Bwalayu;T/Masi-Manimba
C/Bwisha;Chefferie Bwisha;T/Rutshuru
C/Bwito;Chefferie Bwito;T/Rutshuru
C/Byenge;Byenge;V/Namoya
C/Cinq Mai;Cinq Mai;V/Kenge
C/Congo;Congo;V/Gungu
C/Dakwa;Dakwa;T/Ango
C/Dekese;Dekese;T/Dekese
C/Dekese-Ikolombe-Isolu;Chefferie Dekese-Ikolombe-Isolu;T/Dekese
C/Demba;Demba;T/Demba
C/Deni;Chefferie Deni;T/Bondo
C/Dianga;Chefferie Dianga;T/Bolomba
C/Dibaya;Dibaya;T/Dibaya
C/Dibindi;Dibindi;V/Mbuji-Mayi
C/Dibumba I;Dibumba I;V/Tshikapa
C/Dibumba II;Dibumba II;V/Tshikapa
C/Dilala;Dilala;V/Kolwezi
C/Dilolo;Dilolo;T/Dilolo
C/Dimayi;Dimayi;V/Kamina
C/Dimbelenge;Dimbelenge;T/Dimbelenge
C/Dingila;Dingila;V/Dingila
C/Disasi;Disasi;V/Bandundu
C/Diulu;Diulu;V/Mbuji-Mayi
C/Djaudjau;Djaudjau;V/Ariwara
C/Djegu;Djegu;T/Mahagi
C/Djolu;Djolu;T/Djolu
C/Djonga;Chefferie Djonga;T/Lomela
C/Djugu;Djugu;T/Djugu
C/Djukot;Chefferie Djukot;T/Mahagi
C/Djuma;Djuma;T/Bulungu
C/Dobea;Dobea;V/Buta
C/Dongo;Chefferie Dongo;T/Faradje
C/Doruma;Doruma;T/Dungu
C/Duaru;Chefferie Duaru;T/Bondo
C/Dungu;Dungu;T/Kutu
C/Dungu-Uye;Dungu-Uye;V/Dungu
C/Ebomba;Ebomba;V/Bumba
C/Ebondo;Ebondo;T/Lubao
C/Ekutsu;Ekutsu;V/Yangambi
C/Eolo;Eolo;T/Idiofa
C/Esenge;Esenge;V/Lodja
C/Essefe;Essefe;V/Aru
C/Ewango;Ewango;V/Lumumba
C/Ezo;Chefferie Ezo;T/Ango
C/Faradje;Faradje;T/Faradje
C/Fataki;Fataki;T/Djugu
C/Feshi;Feshi;T/Feshi
C/Finant;Finant;V/Buta
C/Fizi;Fizi;T/Fizi
C/Fleuve;Fleuve;V/Isangi
C/Fungurume;Fungurume;T/Lubudi
C/Gama;Chefferie Gama;T/Bondo
C/Gamu;Chefferie Gamu;T/Poko
C/Gandza;Gandza;V/Watsa
C/Gaya;Chefferie Gaya;T/Bondo
C/Gbadolite;Gbadolite;V/Gbadolite
C/Gbazubu;Gbazubu;V/Gemena
C/Goa;Chefferie Goa;T/Bondo
C/Goma;Goma;V/Goma
C/Gombe;Gombe;V/Kinshasa
C/Hombo Nord;Hombo Nord;T/Walikale
C/Hombo Sud;Hombo Sud;T/Kalehe
C/Ibambi;Ibambi;T/Wamba
C/Ibanda;Ibanda;V/Bukavu
C/Idiofa;Idiofa;V/Idiofa
C/Ikela;Ikela;T/Ikela
C/Imona;Imona;V/Kasongo-Lunda
C/Inga;Inga;V/Tshilenge
C/Ingende;Ingende;T/Ingende
C/In-Kan (Kanintshina);Chefferie In-Kan (Kanintshina);T/Luilu
C/Inongo;Inongo;T/Kiri
C/Ipala;Ipala;V/Dibaya Lubwe
C/Irumu;Irumu;T/Irumu
C/Isabo;Isabo;V/Mangai
C/Isangi;Isangi;V/Isangi
C/Itimbiri;Itimbiri;V/Aketi
C/Kabama;Kabama;T/Popokabaka
C/Kabambare;Kabambare;T/Kabambare
C/Kabanda;Kabanda;V/Ngandajika
C/Kabangu;Kabangu;V/Bulungu
C/Kabare;Chefferie Kabare;T/Kabare
C/Kabemba;Kabemba;T/Kamonia
C/Kabinda (Kongolo);Kabinda (Kongolo);V/Kongolo
C/Kabinda (Tshilenge);Kabinda (Tshilenge);T/Tshilenge
C/Kabondo (Boma);Kabondo (Boma);V/Boma
C/Kabondo (Kabinda);Kabondo (Kabinda);V/Kabinda
C/Kabondo (Kisangani);Kabondo (Kisangani);V/Kisangani
C/Kabondo (Lusambo);Kabondo (Lusambo);V/Lusambo
C/Kabondo Dianda;Chefferie Kabondo Dianda;T/Bukama
C/Kabongo;Chefferie Kabongo;T/Kabongo
C/Kabuela-Buela;Kabuela-Buela;V/Kabinda
C/Kabunda;Kabunda;T/Kamonia
C/Kadutu;Kadutu;V/Bukavu
C/Kahonda;Kahonda;T/Kasongo
C/Kailo;Kailo;T/Kailo
C/Kajiba;Kajiba;V/Kabinda
C/Kakenge;Kakenge;T/Mweka
C/Kakobola;Kakobola;V/Gungu
C/Kakula;Kakula;T/Ngandajika
C/Kakwa;Chefferie Kakwa;T/Aru
C/Kakwa-Lamada;Chefferie Kakwa-Lamada;T/Faradje
C/Kalambayi;Chefferie Kalambayi;T/Ngandajika
C/Kalamu (Boma);Kalamu (Boma);V/Boma
C/Kalamu (Kinshasa);Kalamu;V/Kinshasa
C/Kalemie;Kalemie;V/Kalemie
C/Kalenda;Kalenda;T/Luilu
C/Kalenda-Kashila;Kalenda-Kashila;T/Tshilenge
C/Kaliko-Omi;Chefferie Kaliko-Omi;T/Aru
C/Kalo;Kalo;T/Idiofa
C/Kalubanda-Tshioji;Kalubanda-Tshioji;V/Ngandajika
C/Kaluebo;Kaluebo;T/Kazumba
C/Kalunda;Kalunda;V/Uvira
C/Kalunda-Musoko;Kalunda-Musoko;T/Ngandajika
C/Kalundja;Kalundja;V/Baraka
C/Kama (Namoya);Kama (Namoya);V/Namoya
C/Kama (Pangi);Kama (Pangi);T/Pangi
C/Kamako;Kamako;T/Kamonia
C/Kamalondo;Kamalondo;V/Lubumbashi
C/Kamana;Kamana;T/Lubao
C/Kamanyola;Kamanyola;T/Walungu
C/Kambove;Kambove;T/Kambove
C/Kamende;Kamende;T/Kabinda
C/Kamiji-Tshisangu;Kamiji-Tshisangu;T/Kamiji
C/Kamina;Kamina;V/Kamina
C/Kamisuku;Kamisuku;V/Kalima
C/Kamonia;Kamonia;T/Kamonia
C/Kampatshi;Kampatshi;V/Tshilenge
C/Kampemba;Kampemba;V/Lubumbashi
C/Kampene;Kampene;T/Pangi
C/Kamuesha;Kamuesha;T/Kamonia
C/Kananga;Kananga;V/Kananga
C/Kangamiese;Kangamiese;V/Masi-Manimba
C/Kangoy;Kangoy;V/Lubao
C/Kangoyi;Kangoyi;V/Kongolo
C/Kaniama;Kaniama;T/Kaniama
C/Kansabala;Chefferie Kansabala;T/Moba
C/Kanshi;Kanshi;V/Mbuji-Mayi
C/Kanteba;Kanteba;T/Manono
C/Kanyabayonga;Kanyabayonga;T/Lubero
C/Kanzala;Kanzala;V/Tshikapa
C/Kapanga;Kapanga;T/Kapanga
C/Kaponda;Chefferie Kaponda;T/Kipushi
C/Karisimbi;Karisimbi;V/Goma
C/Kasa (Bondo);Chefferie Kasa (Bondo);T/Bondo
C/Kasa (Kasongo-Lunda);Chefferie Kasa (Kasongo-Lunda);T/Kasongo-Lunda
C/Kasai;Kasai;V/Ilebo
C/Kasangulu;Kasangulu;V/Kasangulu
C/Kasa-Vubu;Kasa-Vubu;V/Kinshasa
C/Kasa-vubu (Tshela);Kasa-vubu (Tshela);V/Tshela
C/Kaseghe;Kaseghe;T/Lubero
C/Kasekeyi;Kasekeyi;T/Luilu
C/Kasenga (Kasenga);Kasenga (Kasenga);T/Kasenga
C/Kasenga (Luebo);Kasenga (Luebo);V/Luebo
C/Kasindi;Kasindi;T/Beni
C/Kasongo;Kasongo;V/Kasongo
C/Kasongo-Lunda;Chefferie Kasongo-Lunda;T/Kasongo-Lunda
C/Kasongo-Nyembo;Chefferie Kasongo-Nyembo;T/Kamina
C/Kasuku;Kasuku;V/Kindu
C/Kata-Kokombe;Kata-Kokombe;T/Katako-Kombe
C/Katanda;Katanda;T/Katanda
C/Katanga (Baraka);Katanga (Baraka);V/Baraka
C/Katanga (Kamonia);Katanga (Kamonia);T/Kamonia
C/Katapula;Katapula;V/Kipushi
C/Katemba;Katemba;V/Rutshuru
C/Katende (Dimbelenge);Katende (Dimbelenge);T/Dimbelenge
C/Katende (Miabi);Katende (Miabi);T/Miabi
C/Katoka;Katoka;V/Kananga
C/Katoto;Katoto;V/Lukalaba
C/Katshisungu;Chefferie Katshisungu;T/Luilu
C/Katuba;Katuba;V/Lubumbashi
C/Kaulu-Minono;Kaulu-Minono;T/Manono
C/Kavimvira;Kavimvira;V/Uvira
C/Kavumu;Kavumu;T/Kabare
C/Kayabala;Chefferie Kayabala;T/Moba
C/Kayamba;Chefferie Kayamba;T/Kabongo
C/Kayembe-Mukulu;Chefferie Kayembe-Mukulu;T/Sandoa
C/Kayna;Kayna;V/Luholu
C/Kayumba;Chefferie Kayumba;T/Malemba-Nkulu
C/Kazamba;Kazamba;V/Kikwit
C/Kaziba;Chefferie Kaziba;T/Walungu
C/Kazumba;Kazumba;T/Kazumba
C/Kebo;Chefferie Kebo;T/Watsa
C/Kembe;Chefferie Kembe;T/Opala
C/Kenge II;Kenge II;T/Kenge
C/Kenya;Kenya;V/Lubumbashi
C/Kereboro;Chefferie Kereboro;T/Niangara
C/Kibali;Kibali;V/Watsa
C/Kibanda;Chefferie Kibanda;T/Bukama
C/Kibeleketa;Kibeleketa;T/Punia
C/Kibirizi;Kibirizi;T/Rutshuru
C/Kibombo;Kibombo;T/Kibombo
C/Kibumba;Kibumba;T/Nyiragongo
C/Kikula;Kikula;V/Likasi
C/Kilambo;Kilambo;T/Walikale
C/Kiliba;Kiliba;T/Uvira
C/Kiluba;Chefferie Kiluba;T/Manono
C/Kilwa;Kilwa;T/Pweto
C/Kimbanseke;Kimbanseke;V/Kinshasa
C/Kimemi;Kimemi;V/Butembo
C/Kimeni;Kimeni;V/Butembo
C/Kimpese;Kimpese;V/Bangu
C/Kimvula;Kimvula;T/Kimvula
C/Kingwangala;Kingwangala;T/Kasongo-Lunda
C/Kinkondja;Chefferie Kinkondja;T/Bukama
C/Kinshasa;Kinshasa;V/Kinshasa
C/Kintambo;Kintambo;V/Kinshasa
C/Kintanu;Kintanu;V/Inkisi
C/Kintuadi;Kintuadi;V/Kasongo-Lunda
C/Kinyama;Chefferie Kinyama;T/Kipushi
C/Kinzau-Vuete;Kinzau-Vuete;T/Seke-Banza
C/Kiona-Ngoie;Chefferie Kiona-Ngoie;T/Mitwaba
C/Kiona-Nzini;Chefferie Kiona-Nzini;T/Pweto
C/Kipaka;Kipaka;T/Kasongo
C/Kipate;Chefferie Kipate;T/Poko
C/Kipese;Kipese;T/Lubero
C/Kipushi;Kipushi;V/Kipushi
C/Kiri;Kiri;T/Kiri
C/Kiringa;Kiringa;V/Rutshuru
C/Kirumba;Kirumba;V/Luholu
C/Kirumbu;Kirumbu;T/Masisi
C/Kirundu;Chefferie Kirundu;T/Ubundu
C/Kirungu;Kirungu;V/Kaoze
C/Kisangani;Kisangani;V/Kisangani
C/Kisantu;Kisantu;V/Inkisi
C/Kisenge;Kisenge;T/Dilolo
C/Kisenso;Kisenso;V/Kinshasa
C/Kisoma;Kisoma;T/Popokabaka
C/Kisumpa;Kisumpa;V/Lubao
C/Kitotolo;Kitotolo;T/Manono
C/Kitsombiro;Kitsombiro;T/Lubero
C/Kizikibi;Kizikibi;V/Shabunda
C/Kole;Kole;T/Kole
C/Kombe;Chefferie Kombe;T/Isangi
C/Kopa;Chefferie Kopa;T/Niangara
C/Kowe;Kowe;T/Punia
C/Kpanduma;Kpanduma;T/Djugu
C/Kumbila;Kumbila;V/Kasongo-Lunda
C/Kumendeni;Chefferie Kumendeni;T/Poko
C/Kumuru-Ezorili;Kumuru-Ezorili;V/Ingbokolo
C/Kungu;Kungu;T/Kungu
C/Kupa;Kupa;V/Isiro
C/Kutshiakoyi;Kutshiakoyi;T/Lodja
C/Kutu;Kutu;T/Kutu
C/Kwamouth;Kwamouth;T/Kwamouth
C/Kwilu (Bulungu);Kwilu (Bulungu);V/Bulungu
C/Kwilu (Gungu);Kwilu (Gungu);V/Gungu
C/Kwilu (Kahemba);Kwilu (Kahemba);V/Kahemba
C/Kwilu-Ngongo;Kwilu-Ngongo;T/Mbanza-Ngungu
C/Kwong'A;Kwong'A;V/Mahagi
C/Kyondo;Kyondo;T/Beni
C/La Gare;La Gare;V/Kasangulu
C/Labo;Labo;V/Gemena
C/Lac;Lac;V/Kalemie
C/Lac-Ntumba;Lac-Ntumba;V/Gemena
C/Lamba;Lamba;V/Kasongo
C/Laskuri;Laskuri;V/Aba
C/Laurent Désiré Kabila;Laurent Désiré Kabila;V/Kenge
C/Lemba;Lemba;V/Kinshasa
C/Lemba (Lukula);Lemba (Lukula);T/Lukula
C/Libenge;Libenge;T/Libenge
C/Likasi;Likasi;V/Likasi
C/Likati;Likati;T/Aketi
C/Likeri;Likeri;T/Kibombo
C/Limete;Limete;V/Kinshasa
C/Lingwala;Lingwala;V/Kinshasa
C/Liutua;Chefferie Liutua;T/Isangi
C/Logo-Bagela;Chefferie Logo-Bagela;T/Faradje
C/Logo-Doka;Chefferie Logo-Doka;T/Faradje
C/Logo-Lolia;Chefferie Logo-Lolia;T/Faradje
C/Logo-Obeleba;Chefferie Logo-Obeleba;T/Faradje
C/Logo-Ogambi;Chefferie Logo-Ogambi;T/Faradje
C/Lokenye;Lokenye;V/Lodja
C/Lokole;Lokole;V/Bumba
C/Lokombo;Lokombo;V/Mbuy-A-Tshow
C/Lokumete;Lokumete;V/Basoko
C/Lomami (Isangi);Lomami (Isangi);V/Isangi
C/Lomami (Lubao);Lomami (Lubao);V/Lubao
C/LomelaOlua;LomelaOlua;T/Lomela
C/Londa;Londa;V/Lodja
C/Longwe;Longwe;V/Namoya
C/Loolo;Loolo;V/Isangi
C/Lu;Chefferie Lu;T/Aru
C/Lualaba;Lualaba;V/Kongolo
C/Luambo;Luambo;T/Luiza
C/Lubangu;Lubangu;V/Kisangani
C/Lubefu;Lubefu;T/Lubefu
C/Lubelenge;Lubelenge;T/Kailo
C/Lubero;Lubero;T/Lubero
C/Lubilinga;Lubilinga;V/Lubutu
C/Lubudi;Lubudi;T/Lubudi
C/Lubuishi;Lubuishi;T/Dimbelenge
C/Lubumbashi;Lubumbashi;V/Lubumbashi
C/Lubunda;Chefferie Lubunda;T/Kongolo
C/Lubunga;Lubunga;V/Kisangani
C/Lubuya-Bera;Lubuya-Bera;V/Kisangani
C/Luebo;Luebo;V/Luebo
C/Luekechi;Luekechi;T/Kasongo
C/Luemba;Luemba;T/Kazumba
C/Luena;Luena;T/Bukama
C/Lueu;Lueu;V/Kasaji
C/Luhwindja;Chefferie Luhwindja;T/Mwenga
C/Luiza;Luiza;T/Luiza
C/Lukala;Lukala;V/Bangu
C/Lukala (Lukala);Lukala (Lukala);V/Lukala
C/Lukemi;Lukemi;V/Kikwit
C/Lukoji;Lukoji;V/Kasaji
C/Lukolela;Lukolela;V/Kikwit
C/Lukolela (Lukolela);Lukolela (Lukolela);T/Lukolela
C/Lukombo;Lukombo;T/Kamonia
C/Lukonga;Lukonga;V/Kananga
C/Lukonzi;Lukonzi;V/Bulungu
C/Lukuala;Lukuala;V/Masi-Manimba
C/Lukula;Lukula;V/Tshimbulu
C/Lukunga;Lukunga;V/Kalemie
C/Lukunza;Lukunza;V/Miabi
C/Lukushi;Lukushi;T/Manono
C/Lukwila;Lukwila;V/Gungu
C/Lulimbamisisi;Lulimbamisisi;T/Fizi
C/Lulingi;Lulingi;T/Shabunda
C/Lumanga;Chefferie Lumanga;T/Sandoa
C/Lume;Lume;T/Beni
C/Lumpembe;Lumpembe;V/Lusambo
C/Lumumba (Lodja);Lumumba (Lodja);V/Lodja
C/Lumumba (Lubao);Lumumba (Lubao);V/Lubao
C/Lunga;Lunga;V/Ngandajika
C/Luofo;Luofo;V/Luholu
C/Luoto;Luoto;T/Lubero
C/Luozi;Luozi;T/Luozi
C/Lupimbi;Lupimbi;V/Shabunda
C/Lusambila;Lusambila;V/Yangambi
C/Lusambo;Lusambo;V/Lusambo
C/Lusuku;Lusuku;T/Luilu
C/Lutshima;Lutshima;V/Kahemba
C/Lutshwadi;Lutshwadi;V/Ilebo
C/Luvu;Luvu;V/Tshela
C/Luvungi;Luvungi;T/Uvira
C/Luzelukulu;Luzelukulu;V/Kalima
C/Lwindi;Chefferie Lwindi;T/Mwenga
C/Mabanga;Chefferie Mabanga;T/Poko
C/Mabendi;Chefferie Mabendi;T/Djugu
C/Mabenga;Mabenga;T/Bagata
C/Mabondo;Mabondo;V/Tshikapa
C/Mabudu-Malika-Babeyru;Chefferie Mabudu-Malika-Babeyru;T/Wamba
C/Mabungo;Mabungo;V/Rutshuru
C/Madi;Chefferie Madi;T/Poko
C/Madimba;Madimba;T/Madimba
C/Mahaa;Chefferie Mahaa;T/Wamba
C/Makala;Makala;V/Kinshasa
C/Makanza;Makanza;T/Mankanza
C/Makere I;Chefferie Makere I;T/Bambesa
C/Makere II;Chefferie Makere II;T/Bambesa
C/Makere-Bakete;Chefferie Makere-Bakete;T/Bambesa
C/Makiso;Makiso;V/Kisangani
C/Makoda;Chefferie Makoda;T/Wamba
C/Makoro;Makoro;T/Faradje
C/Malamba;Chefferie Malamba;T/Wamba
C/Malele;Chefferie Malele;T/Poko
C/Malenge;Malenge;T/Kamiji
C/Malika;Chefferie Malika;T/Wamba
C/Malingindu;Chefferie Malingindu;T/Dungu
C/Maluku;Maluku;V/Kinshasa
C/Mamba;Mamba;V/Mahagi
C/Mambasa;Chefferie Mambasa;T/Mambasa
C/Mambaya;Mambaya;V/Isiro
C/Mambisa;Chefferie Mambisa;T/Djugu
C/Mambwe;Chefferie Mambwe;T/Kongolo
C/Mamputu;Mamputu;V/Moanda
C/Mamundioma;Mamundioma;V/Oicha
C/Manda;Chefferie Manda;T/Moba
C/Manding;Manding;V/Idiofa
C/Mangbele (Niangara);Chefferie Mangbele (Niangara);T/Niangara
C/Mangbele (Wamba);Chefferie Mangbele (Wamba);T/Wamba
C/Mangbetu-Mabisanga;Chefferie Mangbetu-Mabisanga;T/Niangara
C/Mange;Chefferie Mange;T/Bambesa
C/Mangina;Mangina;T/Beni
C/Mangobo;Mangobo;V/Kisangani
C/Mangoro;Mangoro;V/Watsa
C/Manika;Manika;V/Kolwezi
C/Manonga;Manonga;V/Kenge
C/Manzangule;Chefferie Manzangule;T/Lubudi
C/Manziga;Chefferie Manziga;T/Niangara
C/Manzikila;Manzikila;V/Yangambi
C/Mapangu;Mapangu;T/Ilebo
C/Masamuna;Masamuna;T/Masi-Manimba
C/Masereka;Masereka;T/Lubero
C/Masikita;Masikita;V/Kenge
C/Masina;Masina;V/Kinshasa
C/Masisi;Masisi;T/Masisi
C/Masuika;Masuika;T/Luiza
C/Matadi;Matadi;V/Matadi
C/Matapa;Chefferie Matapa;T/Kibombo
C/Matete;Matete;V/Kinshasa
C/Mavula;Mavula;V/Kenge
C/Mayi-Munene;Mayi-Munene;T/Kamonia
C/Mayogo-Mabozo;Chefferie Mayogo-Mabozo;T/Rungu
C/Mayogo-Magbay;Chefferie Mayogo-Magbay;T/Rungu
C/Mayoyo;Mayoyo;V/Bandundu
C/Mbako;Chefferie Mbako;T/Sandoa
C/Mbandaka;Mbandaka;V/Mbandaka
C/Mbien;Mbien;T/Kutu
C/Mbimbi;Mbimbi;V/Oicha
C/Mboli;Chefferie Mboli;T/Rungu
C/Mbumba;Mbumba;V/Tshikapa
C/Mbunya;Mbunya;V/Bunia
C/Medje-Mango;Chefferie Medje-Mango;T/Rungu
C/Mendambo;Mendambo;V/Isiro
C/Menki;Menki;V/Mangai
C/Miabi;Miabi;V/Miabi
C/Mibalayi;Mibalayi;T/Ilebo
C/Mighobwe;Mighobwe;V/Luholu
C/Mikelenge;Mikelenge;V/Kindu
C/Minembwe;Minembwe;T/Fizi
C/Minova;Minova;T/Kalehe
C/Misapanga;Misapanga;T/Kailo
C/Misay;Misay;T/Bagata
C/Misele;Misele;T/Kenge
C/Mitwaba;Mitwaba;T/Mitwaba
C/Moba Port;Moba Port;V/Kaoze
C/Mobala;Chefferie Mobala;T/Irumu
C/Mobale;Mobale;V/Kamituga
C/Mobati;Chefferie Mobati;T/Buta
C/Mobati-Boyele;Chefferie Mobati-Boyele;T/Aketi
C/Mobenge-Mondila;Chefferie Mobenge-Mondila;T/Bondo
C/Moenge;Moenge;T/Basoko
C/Mokambo;Chefferie Mokambo;T/Mahagi
C/Mokambo (Sakania);Mokambo (Sakania);T/Sakania
C/Molegbe;Molegbe;V/Gbadolite
C/Molua;Molua;V/Bumba
C/Mombesa;Chefferie Mombesa;T/Yahuma
C/Monama;Monama;V/Bumba
C/Mondo;Chefferie Mondo;T/Faradje
C/Mondongo;Mondongo;T/Lisala
C/Mondongwale;Chefferie Mondongwale;T/Bambesa
C/Monga;Monga;T/Bondo
C/Mongala;Mongala;V/Lisala
C/Mongali;Mongali;V/Watsa
C/MongaNkolo;MongaNkolo;V/Nioki
C/Monganzulu;Chefferie Monganzulu;T/Buta
C/Mongbalu;Mongbalu;V/Mongwalu
C/Mongo;Chefferie Mongo;T/Opala
C/Mongo-Masi;Chefferie Mongo-Masi;T/Rungu
C/Monkoto;Monkoto;T/Monkoto
C/Mont Gila;Mont Gila;V/Gemena
C/Mont-Ngafula;Mont-Ngafula;V/Kinshasa
C/Monzo;Monzo;V/Lukalaba
C/Mopoy;Chefferie Mopoy;T/Ango
C/Moseno;Moseno;V/Bolobo
C/Mosite;Mosite;T/Yahuma
C/Mpaya-Mutombo;Mpaya-Mutombo;T/Lusambo
C/Mpolo;Mpolo;V/Inongo
C/Mpongonzoli;Mpongonzoli;V/Inongo
C/M'pweto;Chefferie M'pweto;T/Pweto
C/Muamuayi;Muamuayi;T/Lubao
C/Muanda;Muanda;V/Moanda
C/Mubi;Mubi;T/Walikale
C/Mudingayi;Mudingayi;V/Kabinda
C/Muhona;Chefferie Muhona;T/Kongolo
C/Mukedi;Mukedi;T/Gungu
C/Mukukuyi;Mukukuyi;V/Mbuy-A-Tshow
C/Mulasa;Mulasa;T/Idiofa
C/Mulekera;Mulekera;V/Beni
C/Mulongo;Chefferie Mulongo;T/Malemba-Nkulu
C/Mulongwe;Mulongwe;V/Uvira
C/Muloshi;Chefferie Muloshi;T/Kahemba
C/Mulumbu;Chefferie Mulumbu;T/Lubudi
C/Mulundu;Chefferie Mulundu;T/Luilu
C/Mumvuyi;Mumvuyi;V/Mbuy-A-Tshow
C/Mungele;Mungele;T/Lubutu
C/Munkamba (Dimbelenge);Munkamba (Dimbelenge);T/Dimbelenge
C/Munkamba (Kabeya-Kamwanga);Munkamba (Kabeya-Kamwanga);T/Kabeya-Kamwanga
C/Munyenge;Munyenge;T/Kabinda
C/Murumbi;Murumbi;V/Kaoze
C/Musaba;Musaba;V/Mongwalu
C/Musadi;Musadi;V/Mwene-Ditu
C/Musanga;Musanga;V/Idiofa
C/Museka;Chefferie Museka;T/Malemba-Nkulu
C/Mushie;Mushie;T/Mushie
C/Musoshi-Kasumbalesa;Musoshi-Kasumbalesa;T/Sakania
C/Musukuyi;Musukuyi;V/Kasongo
C/Mususa;Mususa;V/Butembo
C/Muteba;Chefferie Muteba;T/Sandoa
C/Mutombo-Mukulu;Chefferie Mutombo-Mukulu;T/Kaniama
C/Mutshatsha;Mutshatsha;T/Mutshatsha
C/Muya;Muya;V/Mbuji-Mayi
C/Muyeye;Chefferie Muyeye;T/Dilolo
C/Mvuzi;Mvuzi;V/Matadi
C/Mwakandala;Chefferie Mwakandala;T/Dilolo
C/Mwamushiko;Chefferie Mwamushiko;T/Kahemba
C/Mwana-Muadi;Chefferie Mwana-Muadi;T/Lubudi
C/Mwatshisenge;Chefferie Mwatshisenge;T/Dilolo
C/Mweka;Mweka;T/Mweka
C/Mwendjila;Chefferie Mwendjila;T/Kahemba
C/Mwene-Ditu;Mwene-Ditu;V/Mwene-Ditu
C/Mwenge;Chefferie Mwenge;T/Pweto
C/Ndambu;Ndambu;V/Dibaya Lubwe
C/Ndedu;Ndedu;T/Dungu
C/Ndesha;Ndesha;V/Kananga
C/Ndey;Chefferie Ndey;T/Rungu
C/Ndjili;Ndjili;V/Kinshasa
C/Ndjindji;Ndjindji;T/Kamonia
C/Ndjingala;Ndjingala;T/Walikale
C/Ndolomo (Duruma);Chefferie Ndolomo (Duruma);T/Dungu
C/Ndo-Okebo;Chefferie Ndo-Okebo;T/Djugu
C/Ndrele;Ndrele;T/Mahagi
C/Ndu;Ndu;T/Bondo
C/Ndumba;Chefferie Ndumba;T/Dilolo
C/Nepeko;Nepeko;V/Wamba
C/Ngaba;Ngaba;V/Kinshasa
C/Ngadi-A-Pemba;Ngadi-A-Pemba;T/Luiza
C/Ngaliema;Ngaliema;V/Kinshasa
C/Nganga;Nganga;V/Lodja
C/Nganye;Chefferie Nganye;T/Moba
C/Nganza;Nganza;V/Kananga
C/Nganza (Gbadolite);Nganza (Gbadolite);V/Gbadolite
C/Ngbaradi;Chefferie Ngbaradi;T/Poko
C/Ngbongade;Ngbongade;V/Aketi
C/Nge-Bolobo;Nge-Bolobo;V/Bolobo
C/Ngilima;Ngilima;V/Dungu
C/Ngindo;Chefferie Ngindo;T/Ango
C/Ngiri-Ngiri;Ngiri-Ngiri;V/Kinshasa
C/Ngombe;Ngombe;T/Kamonia
C/Ngugbi;Ngugbi;V/Mobayi-Mbongo
C/Ngungu (Masisi);Ngungu (Masisi);T/Masisi
C/Ngungu (Mbaza-Ngungu);Ngungu (Mbaza-Ngungu);V/Mbaza-Ngungu
C/Nguru;Chefferie Nguru;T/Buta
C/Ngweshe;Chefferie Ngweshe;T/Walungu
C/Niangara;Niangara;T/Niangara
C/Nia-Nia;Nia-Nia;T/Mambasa
C/Nindja;Chefferie Nindja;T/Kabare
C/Nioka;Nioka;T/Mahagi
C/Nio-Kamule;Chefferie Nio-Kamule;T/Aru
C/Nioki;Nioki;V/Nioki
C/Njiapanda;Njiapanda;T/Lubero
C/Nkole;Chefferie Nkole;T/Bokungu
C/Nkulu;Chefferie Nkulu;T/Malemba-Nkulu
C/Nkuvu;Chefferie Nkuvu;T/Kongolo
C/Noki;Noki;V/Mbaza-Ngungu
C/Nonda;Chefferie Nonda;T/Kasongo
C/Nsangu;Nsangu;V/Lukalaba
C/Nsele;Nsele;V/Kinshasa
C/Nsioni;Nsioni;V/Lukala
C/Ntambuka;Chefferie Ntambuka;T/Idjwi
C/Ntand'Embelo;Ntand'Embelo;T/Inongo
C/Ntshakal;Ntshakal;V/Kahemba
C/Nwange;Nwange;V/Mobayi-Mbongo
C/Nyabibwe;Nyabibwe;T/Kalehe
C/Nyakasanza;Nyakasanza;V/Bunia
C/Nyalubwe;Nyalubwe;V/Shabunda
C/Nyamiliama;Nyamiliama;T/Rutshuru
C/Nyamitaba;Nyamitaba;T/Masisi
C/Nyanga;Nyanga;T/Kamonia
C/Nyangezi;Nyangezi;T/Walungu
C/Nyanzale;Nyanzale;T/Rutshuru
C/Nyikinyiki;Nyikinyiki;V/Miabi
C/Nyunzu;Nyunzu;T/Nyunzu
C/Nzadi;Nzadi;V/Boma
C/Nzadi (Kamonia);Nzadi (Kamonia);T/Kamonia
C/Nzanza (Gbadolite);Nzanza (Gbadolite);V/Gbadolite
C/Nzanza (Matadi);Nzanza;V/Matadi
C/Nzinda;Nzinda;V/Kikwit
C/Nzombo;Nzombo;V/Basoko
C/Nzulu;Nzulu;V/Zongo
C/Obea;Obea;V/Punia
C/Okitandeke;Okitandeke;V/Lodja
C/Okitongmbe;Okitongmbe;V/Tshumbe
C/Okondo;Chefferie Okondo;T/Niangara
C/Opala;Opala;T/Opala
C/Opienge;Opienge;T/Bafwasende
C/Oshwe;Oshwe;T/Oshwe
C/Otete;Otete;V/Tshumbe
C/Otso;Chefferie Otso;T/Aru
C/Panda;Panda;V/Likasi
C/Pandoro;Chefferie Pandoro;T/Mahagi
C/Panga;Panga;T/Banalia
C/Pangi;Pangi;T/Pangi
C/Panu;Panu;T/Idiofa
C/Panu Pay Pay;Panu Pay Pay;T/Bagata
C/Pay-Kongila;Pay-Kongila;T/Masi-Manimba
C/Pelende;Pelende;T/Kasongo-Lunda
C/Pelende-Nord;Chefferie Pelende-Nord;T/Kenge
C/Pengie;Pengie;T/Kabinda
C/Pete;Pete;V/Aru
C/Pinga;Pinga;T/Walikale
C/Pinga-Bushimbo;Pinga-Bushimbo;T/Masisi
C/Piopio;Piopio;T/Idiofa
C/Plaine de la Ruzizi;Chefferie Plaine de la Ruzizi;T/Uvira
C/Plito-Yalala;Plito-Yalala;V/Mongwalu
C/Poko;Poko;T/Poko
C/Pont-Kwango;Pont-Kwango;T/Kenge
C/Popokabaka;Popokabaka;T/Popokabaka
C/Puntsha;Puntsha;V/Ilebo
C/Pwelo;Pwelo;T/Pweto
C/Raoul Aliti;Raoul Aliti;V/Ariwara
C/Ridha;Ridha;V/Mahagi
C/Ruashi;Ruashi;V/Lubumbashi
C/Rubaya;Rubaya;T/Masisi
C/Rubenga;Chefferie Rubenga;T/Idjwi
C/Rungu;Rungu;T/Rungu
C/Rutuku;Chefferie Rutuku;T/Kalemie
C/Ruwenzori;Ruwenzori;V/Beni
C/Sakania;Sakania;T/Sakania
C/Sake;Sake;T/Masisi
C/Sakundundu;Chefferie Sakundundu;T/Sandoa
C/Saluseke;Chefferie Saluseke;T/Dilolo
C/Samba;Samba;T/Kasongo
C/Sambali;Sambali;V/Aba
C/Samuanda;Samuanda;T/Luiza
C/Samutoma;Chefferie Samutoma;T/Sandoa
C/Sandoa;Sandoa;T/Sandoa
C/Sange;Sange;T/Uvira
C/Sasa;Chefferie Sasa;T/Ango
C/Seke-Banza;Seke-Banza;T/Seke-Banza
C/Sele;Sele;T/Mbanza-Ngungu
C/Selembao;Selembao;V/Kinshasa
C/Semendwa;Semendwa;T/Kutu
C/Semondane;Semondane;T/Kutu
C/Shapembe;Shapembe;V/Lodja
C/Shari;Shari;V/Bunia
C/Shituru;Shituru;V/Likasi
C/Soa;Chefferie Soa;T/Bondo
C/Sobongo;Sobongo;V/Kamina
C/Songololo;Songololo;T/Songololo
C/Soronga;Chefferie Soronga;T/Poko
C/Swima;Swima;T/Fizi
C/Tadu;Tadu;T/Faradje
C/Tembo;Tembo;T/Kasongo-Lunda
C/Tepatondele;Tepatondele;V/Buta
C/Tfundwale;Tfundwale;T/Kahemba
C/Timoniko;Chefferie Timoniko;T/Wamba
C/Tinda;Tinda;V/Aketi
C/Titule;Titule;T/Buta
C/Tobola;Tobola;V/Dingila
C/Tolo;Tolo;T/Kutu
C/Tongoni;Tongoni;V/Kasongo
C/Tshamaka;Tshamaka;T/Lubutu
C/Tshela;Tshela;V/Tshela
C/Tshengerero;Tshengerero;T/Rutshuru
C/Tshenza;Tshenza;V/Dibaya Lubwe
C/Tshiabut;Tshiabut;T/Luilu
C/Tshibamba;Chefferie Tshibamba;T/Sandoa
C/Tshibiayi;Tshibiayi;V/Mbuy-A-Tshow
C/Tshikalenga;Tshikalenga;V/Tshilenge
C/Tshikula;Tshikula;T/Dibaya
C/Tshimakaka;Tshimakaka;V/Tshimbulu
C/Tshimayi;Tshimayi;V/Tshimbulu
C/Tshimbundi;Tshimbundi;V/Kasaji
C/Tshipao;Chefferie Tshipao;T/Sandoa
C/Tshisangama;Chefferie Tshisangama;T/Dilolo
C/Tshishimbi;Tshishimbi;T/Lupatapata
C/Tshopo;Tshopo;V/Kisangani
C/Tulume;Tulume;T/Luiza
C/Tumbwe;Chefferie Tumbwe;T/Kalemie
C/Tusuanganayi;Tusuanganayi;V/Lusambo
C/Ubundu;Ubundu;T/Ubundu
C/Uele;Uele;V/Bondo
C/Ulindi;Ulindi;V/Kalima
C/Vampa;Vampa;V/Bangu
C/Vulamba;Vulamba;V/Butembo
C/Wadimbisa-Mabudu;Chefferie Wadimbisa-Mabudu;T/Wamba
C/Wagenia;Chefferie Wagenia;T/Kasongo
C/Wahanga;Chefferie Wahanga;T/Basoko
C/Wakabango;Chefferie Wakabango;T/Shabunda
C/Walendu-Bindi;Chefferie Walendu-Bindi;T/Irumu
C/Walendu-Watsi;Chefferie Walendu-Watsi;T/Mahagi
C/Walese;Chefferie Walese;T/Watsa
C/Walese-Dese;Chefferie Walese-Dese;T/Mambasa
C/Walese-Karo;Chefferie Walese-Karo;T/Mambasa
C/Walese-Vonkutu;Chefferie Walese-Vonkutu;T/Irumu
C/Walikale;Walikale;T/Walikale
C/Wamaza;Wamaza;T/Kabambare
C/Wamba;Wamba;V/Wamba
C/Wamuzimu;Chefferie Wamuzimu;T/Mwenga
C/Wando;Chefferie Wando;T/Dungu
C/Wangata;Wangata;V/Mbandaka
C/Wango;Wango;V/Zongo
C/Wangongo;Chefferie Wangongo;T/Mahagi
C/Wanie-Rukula;Wanie-Rukula;T/Ubundu
C/War-Palara;Chefferie War-Palara;T/Mahagi
C/Watalinga;Chefferie Watalinga;T/Beni
C/Wazula;Chefferie Wazula;T/Kasongo
C/Wembo-Nyama;Wembo-Nyama;V/Lumumba
C/Wikong;Wikong;T/Luilu
C/Yabaondo;Yabaondo;T/Isangi
C/Yaelima;Chefferie Yaelima;T/Dekese
C/Yahuma;Yahuma;T/Yahuma
C/Yakeko;Yakeko;T/Opala
C/Yakoma;Yakoma;T/Yakoma
C/Yalihila;Chefferie Yalihila;T/Isangi
C/Yalikoka-Mboso;Chefferie Yalikoka-Mboso;T/Isangi
C/Yalingo;Chefferie Yalingo;T/Opala
C/Yaliwasa;Chefferie Yaliwasa;T/Basoko
C/Yamaie;Chefferie Yamaie;T/Opala
C/Yamandundu;Chefferie Yamandundu;T/Basoko
C/Yambula;Chefferie Yambula;T/Kongolo
C/Yangala;Yangala;T/Luiza
C/Yapandu;Chefferie Yapandu;T/Opala
C/Yatolema;Yatolema;T/Opala
C/Yeyango;Chefferie Yeyango;T/Opala
C/Yumbi;Yumbi;T/Yumbi
C/Zagili;Zagili;V/Bondo
C/Zaki;Chefferie Zaki;T/Aru
C/Zobia;Zobia;T/Bambesa
C/Zune;Chefferie Zune;T/Poko
C/Zungbi;Zungbi;V/Aba
S/Abarambo;Secteur Abarambo;T/Poko
S/Abumombazi;Secteur Abumombazi;T/Yakoma
S/Ahamba-Mange;Secteur Ahamba-Mange;T/Lodja
S/Ambwe;Secteur Ambwe;T/Kailo
S/Assolongo;Secteur Assolongo;T/Moanda
S/Atshuru;Secteur Atshuru;T/Kole
S/Babena;Secteur Babena;T/Poko
S/Babira-Bakwame;Secteur Babira-Bakwame;T/Punia
S/Babuya;Secteur Babuya;T/Kabambare
S/Babwa de Kole;Secteur Babwa de Kole;T/Banalia
S/Badia;Secteur Badia;T/Malemba-Nkulu
S/Bafwandaka;Secteur Bafwandaka;T/Bafwasende
S/Bahamba I;Secteur Bahamba I;T/Lomela
S/Bahamba II;Secteur Bahamba II;T/Lomela
S/Bahemba;Secteur Bahemba;T/Kabambare
S/Bahombo;Secteur Bahombo;T/Kabambare
S/Bakano;Secteur Bakano;T/Walikale
S/Bakela;Secteur Bakela;T/Lomela
S/Bakumu d'Angumu;Secteur Bakumu d'Angumu;T/Bafwasende
S/Bakumu-d'Obiatuku;Secteur Bakumu-d'Obiatuku;T/Ubundu
S/Bakumu-Kilinga;Secteur Bakumu-Kilinga;T/Ubundu
S/Bakumu-Mandombe;Secteur Bakumu-Mandombe;T/Ubundu
S/Bakumu-Mangongo;Secteur Bakumu-Mangongo;T/Ubundu
S/Bakunda;Secteur Bakunda;T/Kasenga
S/Bakundumu;Secteur Bakundumu;T/Bafwasende
S/Bakwa-Nyambi;Secteur Bakwa-Nyambi;T/Kamonia
S/Balala;Secteur Balala;T/Sakania
S/Balamba;Secteur Balamba;T/Sakania
S/Balanga;Secteur Balanga;T/Kailo
S/Balari;Secteur Balari;T/Luozi
S/Baleka;Secteur Baleka;T/Punia
S/Balinga-Lindja;Secteur Balinga-Lindja;T/Opala
S/Balomotwa;Secteur Balomotwa;T/Mitwaba
S/Baluba;Secteur Baluba;T/Kongolo
S/Baluba-Lubangule;Secteur Baluba-Lubangule;T/Kabinda
S/Baluba-Lubilanji;Secteur Baluba-Lubilanji;T/Katanda
S/Baluba-Shankadi;Secteur Baluba-Shankadi;T/Ngandajika
S/Bamanga;Secteur Bamanga;T/Banalia
S/Bambaie;Secteur Bambaie;T/Luiza
S/Bambelota;Secteur Bambelota;T/Isangi
S/Bamboma;Secteur Bamboma;T/Songololo
S/Banalia-Bangba;Secteur Banalia-Bangba;T/Banalia
S/Banda;Secteur Banda;T/Bosobolo
S/Banda-Yowa;Secteur Banda-Yowa;T/Bumba
S/Banga;Secteur Banga;T/Idiofa
S/Banga-Kungu;Secteur Banga-Kungu;T/Gemena
S/Bangala;Secteur Bangala;T/Mankanza
S/Bangelema-Mongandjo;Secteur Bangelema-Mongandjo;T/Basoko
S/Bangu;Secteur Bangu;T/Kahemba
S/Bankutshu-Dibele;Secteur Bankutshu-Dibele;T/Kole
S/Bankutshu-Lukenie;Secteur Bankutshu-Lukenie;T/Kole
S/Banunu;Secteur Banunu;T/Lukolela
S/Banweshi;Secteur Banweshi;T/Mitwaba
S/Banyali-Kilo;Secteur Banyali-Kilo;T/Djugu
S/Banyungu (Osso);Secteur Banyungu (Osso);T/Masisi
S/Banza;Secteur Banza;T/Budjala
S/Bapende;Secteur Bapende;T/Kamonia
S/Bapere;Secteur Bapere;T/Lubero
S/Barumbi-Opienge;Secteur Barumbi-Opienge;T/Bafwasende
S/Basambala;Secteur Basambala;T/Katako-Kombe
S/Basankusu;Secteur Basankusu;T/Basankusu
S/Basengele;Secteur Basengele;T/Inongo
S/Basho;Secteur Basho;T/Kole
S/Basonge (Kongolo);Secteur Basonge (Kongolo);T/Kongolo
S/Basonge (Lubefu);Secteur Basonge (Lubefu);T/Lubefu
S/Basonge (Lusambo);Secteur Basonge (Lusambo);T/Lusambo
S/Basonge II;Secteur Basonge II;T/Kasongo
S/Bateke-Sud/Twa;Secteur Bateke-Sud/Twa;T/Kwamouth
S/Batetela;Secteur Batetela;T/Lusambo
S/Batetela Arabises (Lomami);Secteur Batetela Arabises (Lomami);T/Katako-Kombe
S/Batetela Dibele;Secteur Batetela Dibele;T/Kole
S/Batetela-Lomela;Secteur Batetela-Lomela;T/Lomela
S/Baushi;Secteur Baushi;T/Sakania
S/Befumbo;Secteur Befumbo;T/Befale
S/Beia;Secteur Beia;T/Pangi
S/Bekalebwe;Secteur Bekalebwe;T/Lubao
S/Bekeni-Kondolole;Secteur Bekeni-Kondolole;T/Bafwasende
S/Belo;Secteur Belo;T/Idiofa
S/Bemili;Secteur Bemili;T/Bafwasende
S/Bena-Kamanya;Secteur Bena-Kamanya;T/Moba
S/Bena-Mamba;Secteur Bena-Mamba;T/Demba
S/Bena-Tshitolo;Secteur Bena-Tshitolo;T/Katanda
S/Benga;Secteur Benga;T/Kimvula
S/Beni;Secteur Beni;T/Beni
S/Beronge;Secteur Beronge;T/Kiri
S/Bianga;Secteur Bianga;T/Monkoto
S/Bili;Secteur Bili;T/Bosobolo
S/Bindu;Secteur Bindu;T/Kahemba
S/Bindungi;Secteur Bindungi;T/Masi-Manimba
S/Bitule;Secteur Bitule;T/Lubutu
S/Bodangabo;Secteur Bodangabo;T/Businga
S/Bokatola;Secteur Bokatola;T/Ingende
S/Boko;Secteur Boko;T/Mbanza-Ngungu
S/Bolia;Secteur Bolia;T/Inongo
S/Bolinga;Secteur Bolinga;T/Yahuma
S/Bolingo;Secteur Bolingo;T/Budjala
S/Bolomba;Secteur Bolomba;T/Bolomba
S/Bolua;Secteur Bolua;T/Boende
S/Boma-Bungu;Secteur Boma-Bungu;T/Moanda
S/Bomboma;Secteur Bomboma;T/Kungu
S/Bomenge;Secteur Bomenge;T/Basoko
S/Bongandanga;Secteur Bongandanga;T/Bongandanga
S/Bosobolo;Secteur Bosobolo;T/Bosobolo
S/Boso-Djanoa;Secteur Boso-Djanoa;T/Bongandanga
S/Bosoku;Secteur Bosoku;T/Yahuma
S/Boso-Melo;Secteur Boso-Melo;T/Bongandanga
S/Boso-Simba;Secteur Boso-Simba;T/Bongandanga
S/Bowase;Secteur Bowase;T/Gemena
S/Bukanda;Secteur Bukanda;T/Kipushi
S/Bukanga-Lonzo;Secteur Bukanga-Lonzo;T/Kenge
S/Bula-Naku;Secteur Bula-Naku;T/Tshela
S/Bulungu;Secteur Bulungu;T/Kazumba
S/Bulwem;Secteur Bulwem;T/Idiofa
S/Buma;Secteur Buma;T/Yahuma
S/Bundi;Secteur Bundi;T/Seke-Banza
S/Businga;Secteur Businga;T/Businga
S/Busira;Secteur Busira;T/Bolomba
S/Dibanda;Secteur Dibanda;T/Dibaya
S/Dibataie;Secteur Dibataie;T/Dibaya
S/Dinga;Secteur Dinga;T/Kenge
S/Diofwa;Secteur Diofwa;T/Demba
S/Djalo;Secteur Djalo;T/Katako-Kombe
S/Djamba;Secteur Djamba;T/Bomongo
S/Djera;Secteur Djera;T/Boende
S/Djolu;Secteur Djolu;T/Djolu
S/Dongo;Secteur Dongo;T/Kungu
S/Duale;Secteur Duale;T/Befale
S/Duali;Secteur Duali;T/Ingende
S/Dwe;Secteur Dwe;T/Bulungu
S/E.L.K. (Entre Lubi Kunduye);Secteur E.L.K. (Entre Lubi Kunduye);T/Lusambo
S/Ekonda;Secteur Ekonda;T/Bikoro
S/Elanga;Secteur Elanga;T/Bikoro
S/Eungu;Secteur Eungu;T/Ingende
S/Feshi-Maziamo;Secteur Feshi-Maziamo;T/Feshi
S/Fubu;Secteur Fubu;T/Lukula
S/Ganaketi;Secteur Ganaketi;T/Feshi
S/Gombalo;Secteur Gombalo;T/Basankusu
S/Gombari;Secteur Gombari;T/Watsa
S/Gombe-Matadi;Secteur Gombe-Matadi;T/Mbanza-Ngungu
S/Gombe-Sud;Secteur Gombe-Sud;T/Mbanza-Ngungu
S/Gungu;Secteur Gungu;T/Gungu
S/Ikama;Secteur Ikama;T/Pangi
S/Imbongo;Secteur Imbongo;T/Bulungu
S/Inongo;Secteur Inongo;T/Inongo
S/Isangila;Secteur Isangila;T/Seke-Banza
S/Itimbiri;Secteur Itimbiri;T/Bumba
S/Itombwe;Secteur Itombwe;T/Mwenga
S/Iye;Secteur Iye;T/Opala
S/Kabala;Secteur Kabala;T/Lupatapata
S/Kabalekese;Secteur Kabalekese;T/Luiza
S/Kabinda;Secteur Kabinda;T/Kabinda
S/Kafira;Secteur Kafira;T/Kasenga
S/Kafuba;Secteur Kafuba;T/Kazumba
S/Kakangayi;Secteur Kakangayi;T/Miabi
S/Kakongo;Secteur Kakongo;T/Lukula
S/Kalanganda;Secteur Kalanganda;T/Idiofa
S/Kalela;Secteur Kalela;T/Kabeya-Kamwanga
S/Kalunga;Secteur Kalunga;T/Luiza
S/Kamalondo;Secteur Kamalondo;T/Manono
S/Kamiji;Secteur Kamiji;T/Kamiji
S/Kamwandu;Secteur Kamwandu;T/Dibaya
S/Kanda-Kanda;Secteur Kanda-Kanda;T/Luilu
S/Kandale;Secteur Kandale;T/Gungu
S/Kanga;Secteur Kanga;T/Idiofa
S/Kangara;Secteur Kangara;T/Oshwe
S/Kapamay;Secteur Kapamay;T/Bukama
S/Kapia;Secteur Kapia;T/Idiofa
S/Karawa;Secteur Karawa;T/Businga
S/Kasadi-Sadi;Secteur Kasadi-Sadi;T/Kamonia
S/Kasai-Kabambaie;Secteur Kasai-Kabambaie;T/Kamonia
S/Kasai-Longatshimo;Secteur Kasai-Longatshimo;T/Kamonia
S/Kasai-Lunyeka;Secteur Kasai-Lunyeka;T/Kamonia
S/Kasangidi;Secteur Kasangidi;T/Dibaya
S/Kasangulu;Secteur Kasangulu;T/Kasangulu
S/Kashindi;Secteur Kashindi;T/Lusambo
S/Katoyi;Secteur Katoyi;T/Masisi
S/Kavula;Secteur Kavula;T/Kazumba
S/Kemba;Secteur Kemba;T/Kutu
S/Kembisa;Secteur Kembisa;T/Poko
S/Kenge;Secteur Kenge;T/Luozi
S/Kibali;Secteur Kibali;T/Watsa
S/Kibolo;Secteur Kibolo;T/Masi-Manimba
S/Kibunda;Secteur Kibunda;T/Kasongo-Lunda
S/Kidzweme;Secteur Kidzweme;T/Bagata
S/Kilamba;Secteur Kilamba;T/Gungu
S/Kilembe;Secteur Kilembe;T/Gungu
S/Kilongwandi (Mongwandi);Secteur Kilongwandi (Mongwandi);T/Aketi
S/Kilunda;Secteur Kilunda;T/Bulungu
S/Kimbanza;Secteur Kimbanza;T/Luozi
S/Kimpese;Secteur Kimpese;T/Songololo
S/Kimumba;Secteur Kimumba;T/Luozi
S/Kinda;Secteur Kinda;T/Kamina
S/Kingulu;Secteur Kingulu;T/Kasongo-Lunda
S/Kinkenge;Secteur Kinkenge;T/Luozi
S/Kinkosi (Luidi);Secteur Kinkosi (Luidi);T/Madimba
S/Kinzenga;Secteur Kinzenga;T/Masi-Manimba
S/Kinzenzengo;Secteur Kinzenzengo;T/Masi-Manimba
S/Kipuka;Secteur Kipuka;T/Bulungu
S/Kipuku;Secteur Kipuku;T/Idiofa
S/Kisamamba;Secteur Kisamamba;T/Kasenga
S/Kisengwa;Secteur Kisengwa;T/Lubao
S/Kisunzu;Secteur Kisunzu;T/Gungu
S/Kitoy;Secteur Kitoy;T/Masi-Manimba
S/Kivulu;Secteur Kivulu;T/Mbanza-Ngungu
S/Kivunda;Secteur Kivunda;T/Luozi
S/Kizamba;Secteur Kizamba;T/Kasongo-Lunda
S/Kobo (-Mosala);Secteur Kobo (-Mosala);T/Gungu
S/Kolokoso;Secteur Kolokoso;T/Kenge
S/Kondo;Secteur Kondo;T/Gungu
S/Kondo-Tshumbe;Secteur Kondo-Tshumbe;T/Lodja
S/Kulundji;Secteur Kulundji;T/Kahemba
S/Kunduyi;Secteur Kunduyi;T/Dimbelenge
S/Kwango-Kasai;Secteur Kwango-Kasai;T/Bagata
S/Kwenge;Secteur Kwenge;T/Bulungu
S/Kwilu-Kimbata;Secteur Kwilu-Kimbata;T/Bulungu
S/Kwilu-Ngongo;Secteur Kwilu-Ngongo;T/Mbanza-Ngungu
S/Kwilu-Ntober;Secteur Kwilu-Ntober;T/Bagata
S/Kyofwe;Secteur Kyofwe;T/Manono
S/La Mer;Secteur La Mer;T/Moanda
S/Lac Mukamba;Secteur Lac Mukamba;T/Kabeya-Kamwanga
S/Lac Ntomba;Secteur Lac Ntomba;T/Bikoro
S/Libenge-Centre;Secteur Libenge-Centre;T/Libenge
S/Libenge-Nord;Secteur Libenge-Nord;T/Libenge
S/Libenge-Sud;Secteur Libenge-Sud;T/Libenge
S/Lingomo;Secteur Lingomo;T/Djolu
S/Loango;Secteur Loango;T/Tshela
S/Loatshi;Secteur Loatshi;T/Luiza
S/Lobaie;Secteur Lobaie;T/Opala
S/Lobo;Secteur Lobo;T/Feshi
S/Loeka;Secteur Loeka;T/Bumba
S/Lofome;Secteur Lofome;T/Ikela
S/Lofoy;Secteur Lofoy;T/Boende
S/Loile;Secteur Loile;T/Ikela
S/Lokima;Secteur Lokima;T/Ikela
S/Lokolama;Secteur Lokolama;T/Oshwe
S/Lokombe;Secteur Lokombe;T/Isangi
S/Lokutu;Secteur Lokutu;T/Basoko
S/Lolaka;Secteur Lolaka;T/Bokungu
S/Lomako;Secteur Lomako;T/Befale
S/Lombelo;Secteur Lombelo;T/Demba
S/Lonya;Secteur Lonya;T/Katako-Kombe
S/Loombo;Secteur Loombo;T/Bokungu
S/Lovua-Longatshimo;Secteur Lovua-Longatshimo;T/Kamonia
S/Lovua-Lushiku;Secteur Lovua-Lushiku;T/Kamonia
S/Lozo;Secteur Lozo;T/Gungu
S/Lua;Secteur Lua;T/Kungu
S/Lualaba;Secteur Lualaba;T/Bukama
S/Luando;Secteur Luando;T/Bokungu
S/Luapula;Secteur Luapula;T/Kasenga
S/Luay;Secteur Luay;T/Bokungu
S/Lubao;Secteur Lubao;T/Lubao
S/Lubi (Dimbelenge);Secteur Lubi (Dimbelenge);T/Dimbelenge
S/Lubi (Lusambo);Secteur Lubi (Lusambo);T/Lusambo
S/Lubisi;Secteur Lubisi;T/Kimvula
S/Lubolo;Secteur Lubolo;T/Tshela
S/Lubudi;Secteur Lubudi;T/Dimbelenge
S/Lubuzi;Secteur Lubuzi;T/Tshela
S/Ludimbi-Lukula;Secteur Ludimbi-Lukula;T/Kabinda
S/Luebo-Kabambaie;Secteur Luebo-Kabambaie;T/Luebo
S/Luebo-Lulengele;Secteur Luebo-Lulengele;T/Luebo
S/Luebo-Wedi;Secteur Luebo-Wedi;T/Luebo
S/Luekeshi;Secteur Luekeshi;T/Kamiji
S/Luela-Luvunguyi;Secteur Luela-Luvunguyi;T/Kabalo
S/Luena;Secteur Luena;T/Dilolo
S/Lueta;Secteur Lueta;T/Luiza
S/Luete;Secteur Luete;T/Isangi
S/Lufira;Secteur Lufira;T/Kambove
S/Lufu;Secteur Lufu;T/Seke-Banza
S/Lufubu-Lomami;Secteur Lufubu-Lomami;T/Kabinda
S/Lufuna;Secteur Lufuna;T/Popokabaka
S/Lufupa;Secteur Lufupa;T/Mutshatsha
S/Luila;Secteur Luila;T/Kasangulu
S/Luilu;Secteur Luilu;T/Mutshatsha
S/Luima;Secteur Luima;T/Songololo
S/Lukamba;Secteur Lukamba;T/Gungu
S/Lukashie-Lualu;Secteur Lukashie-Lualu;T/Kabinda
S/Lukenie;Secteur Lukenie;T/Oshwe
S/Lukfungu;Secteur Lukfungu;T/Lodja
S/Lukibu;Secteur Lukibu;T/Dimbelenge
S/Lukumbe;Secteur Lukumbe;T/Katako-Kombe
S/Lukunga-Mputu;Secteur Lukunga-Mputu;T/Kasangulu
S/Lukuswa;Secteur Lukuswa;T/Kabalo
S/Lula-Lumeme;Secteur Lula-Lumeme;T/Kimvula
S/Lulenge;Secteur Lulenge;T/Fizi
S/Lulindi;Secteur Lulindi;T/Kabambare
S/Lulua-Lukoshi;Secteur Lulua-Lukoshi;T/Dilolo
S/Luniungu;Secteur Luniungu;T/Bulungu
S/Lunzadi;Secteur Lunzadi;T/Mbanza-Ngungu
S/Luo;Secteur Luo;T/Djolu
S/Lusakany;Secteur Lusakany;T/Lukolela
S/Lusanganya;Secteur Lusanganya;T/Bolomba
S/Lusanza;Secteur Lusanza;T/Luiza
S/Lusonge;Secteur Lusonge;T/Demba
S/Lutoy;Secteur Lutoy;T/Kiri
S/Lutshimba;Secteur Lutshimba;T/Lodja
S/Luvua;Secteur Luvua;T/Manono
S/Lwabo;Secteur Lwabo;T/Kutu
S/Mabinza;Secteur Mabinza;T/Aketi
S/Madimbi;Secteur Madimbi;T/Idiofa
S/Maduda;Secteur Maduda;T/Tshela
S/Malu-Malu;Secteur Malu-Malu;T/Ilebo
S/Mamba-Kasenga;Secteur Mamba-Kasenga;T/Kasongo
S/Mampoko;Secteur Mampoko;T/Bolomba
S/Mangbutu;Secteur Mangbutu;T/Watsa
S/Manzasay;Secteur Manzasay;T/Bagata
S/Mari-Minza;Secteur Mari-Minza;T/Watsa
S/Mashala;Secteur Mashala;T/Dimbelenge
S/Masi-Manimba;Secteur Masi-Manimba;T/Masi-Manimba
S/Matamba;Secteur Matamba;T/Kazumba
S/Mateko;Secteur Mateko;T/Idiofa
S/Mawanga;Secteur Mawanga;T/Kasongo-Lunda
S/Mbanga (Tshela);Secteur Mbanga (Tshela);T/Tshela
S/Mbanza-Mona;Secteur Mbanza-Mona;T/Luozi
S/Mbanza-Muembe;Secteur Mbanza-Muembe;T/Luozi
S/Mbanza-Ngoyo;Secteur Mbanza-Ngoyo;T/Luozi
S/Mbari;Secteur Mbari;T/Gemena
S/Mbavu;Secteur Mbavu;T/Seke-Banza
S/Mboie;Secteur Mboie;T/Kazumba
S/Mbushimaie;Secteur Mbushimaie;T/Luiza
S/Mfidi (Malele);Secteur Mfidi (Malele);T/Madimba
S/Mfimi;Secteur Mfimi;T/Kutu
S/Mfuma (Kibambi);Secteur Mfuma (Kibambi);T/Madimba
S/Miao;Secteur Miao;T/Kazumba
S/Mikwi;Secteur Mikwi;T/Bulungu
S/Mituku-Bamoya;Secteur Mituku-Bamoya;T/Ubundu
S/Mituku-Basikate;Secteur Mituku-Basikate;T/Ubundu
S/Mobango-Itimbiri;Secteur Mobango-Itimbiri;T/Basoko
S/Mobayi-Mbongo;Secteur Mobayi-Mbongo;T/Mobayi-Mbongo
S/Moeko;Secteur Moeko;T/Mankanza
S/Moero;Secteur Moero;T/Pweto
S/Mokamo;Secteur Mokamo;T/Masi-Manimba
S/Molua;Secteur Molua;T/Bumba
S/Mondja-Ngandu;Secteur Mondja-Ngandu;T/Lubefu
S/Mongala-Motima;Secteur Mongala-Motima;T/Budjala
S/Mongala-Motima (Lisala);Secteur Mongala-Motima (Lisala);T/Lisala
S/Mongama;Secteur Mongama;T/Yumbi
S/Mongo-Luala;Secteur Mongo-Luala;T/Luozi
S/Monkoto;Secteur Monkoto;T/Monkoto
S/Mosamba;Secteur Mosamba;T/Kenge
S/Mosango;Secteur Mosango;T/Masi-Manimba
S/Movo-Nkatshia;Secteur Movo-Nkatshia;T/Miabi
S/Mozamboli;Secteur Mozamboli;T/Bumba
S/Mpama;Secteur Mpama;T/Lukolela
S/Mpania-Mutombo;Secteur Mpania-Mutombo;T/Lusambo
S/Mpemba;Secteur Mpemba;T/Kabeya-Kamwanga
S/Muanza-Ngoma;Secteur Muanza-Ngoma;T/Demba
S/Mudiba;Secteur Mudiba;T/Lupatapata
S/Mudikalunga;Secteur Mudikalunga;T/Gungu
S/Mukoso;Secteur Mukoso;T/Feshi
S/Mukuleshi;Secteur Mukuleshi;T/Mutshatsha
S/Mukumbi;Secteur Mukumbi;T/Lupatapata
S/Mulenda;Secteur Mulenda;T/Lupatapata
S/Mungindu;Secteur Mungindu;T/Gungu
S/Munono;Secteur Munono;T/Kongolo
S/Musanga-Idiofa;Secteur Musanga-Idiofa;T/Idiofa
S/Muswaswa;Secteur Muswaswa;T/Kazumba
S/Mutambala;Secteur Mutambala;T/Fizi
S/Mutanda;Secteur Mutanda;T/Dilolo
S/Mutefu;Secteur Mutefu;T/Kazumba
S/Mutuayi;Secteur Mutuayi;T/Katanda
S/Mwanda;Secteur Mwanda;T/Kungu
S/Mwanza;Secteur Mwanza;T/Malemba-Nkulu
S/Nambelu-Luhembe;Secteur Nambelu-Luhembe;T/Lodja
S/Ndjoko-Punda;Secteur Ndjoko-Punda;T/Luebo
S/Ndjovu;Secteur Ndjovu;T/Lubefu
S/Ndobo;Secteur Ndobo;T/Mankanza
S/Ndo-Kebo;Secteur Ndo-Kebo;T/Aru
S/Ndolo-Liboko;Secteur Ndolo-Liboko;T/Budjala
S/Ndomba;Secteur Ndomba;T/Kabeya-Kamwanga
S/Ngandajika;Secteur Ngandajika;T/Ngandajika
S/Nganda-Tsundi;Secteur Nganda-Tsundi;T/Tshela
S/Ngandja;Secteur Ngandja;T/Fizi
S/Ngandu de Katako-Kombe;Secteur Ngandu de Katako-Kombe;T/Katako-Kombe
S/Ngandu-Wuma;Secteur Ngandu-Wuma;T/Lubefu
S/Ngbongi;Secteur Ngbongi;T/Aketi
S/Ngeba;Secteur Ngeba;T/Madimba
S/Ngiri;Secteur Ngiri;T/Bomongo
S/Ngombe-Doko (Budjala);Secteur Ngombe-Doko (Budjala);T/Budjala
S/Ngombe-Doko (Lisala);Secteur Ngombe-Doko (Lisala);T/Lisala
S/Ngombe-Mombangi;Secteur Ngombe-Mombangi;T/Lisala
S/Ngudi;Secteur Ngudi;T/Gungu
S/Ngufu;Secteur Ngufu;T/Madimba
S/Nguya;Secteur Nguya;T/Gemena
S/Niadi-Nkara;Secteur Niadi-Nkara;T/Bulungu
S/Nko;Secteur Nko;T/Bulungu
S/Nongo;Secteur Nongo;T/Monkoto
S/Nord-Baluba;Secteur Nord-Baluba;T/Kabongo
S/Nord-Lukuga;Secteur Nord-Lukuga;T/Nyunzu
S/Nsangu;Secteur Nsangu;T/Katanda
S/Ntimansi;Secteur Ntimansi;T/Mbanza-Ngungu
S/Nyemba;Secteur Nyemba;T/Manono
S/Nzobe-Luzi;Secteur Nzobe-Luzi;T/Tshela
S/Obokote;Secteur Obokote;T/Lubutu
S/Ohindo;Secteur Ohindo;T/Kole
S/Okutu;Secteur Okutu;T/Lomela
S/Olemba;Secteur Olemba;T/Lodja
S/Otto-Banza;Secteur Otto-Banza;T/Mobayi-Mbongo
S/Palabala;Secteur Palabala;T/Songololo
S/Panzi;Secteur Panzi;T/Kasongo-Lunda
S/Patu;Secteur Patu;T/Lukula
S/Pay-Kongila;Secteur Pay-Kongila;T/Masi-Manimba
S/Pendjua;Secteur Pendjua;T/Kiri
S/Popokabaka;Secteur Popokabaka;T/Popokabaka
S/Popoy;Secteur Popoy;T/Banalia
S/Ruwenzori;Secteur Ruwenzori;T/Beni
S/Salamabila;Secteur Salamabila;T/Kabambare
S/Sankuru;Secteur Sankuru;T/Lusambo
S/Sedzo;Secteur Sedzo;T/Idiofa
S/Songo;Secteur Songo;T/Kungu
S/Sources du Congo;Secteur Sources du Congo;T/Kambove
S/Sud-Banga;Secteur Sud-Banga;T/Ilebo
S/Sud-Lukuga;Secteur Sud-Lukuga;T/Nyunzu
S/Sumbi;Secteur Sumbi;T/Seke-Banza
S/Sungu;Secteur Sungu;T/Masi-Manimba
S/Swa-Tenda;Secteur Swa-Tenda;T/Kasongo-Lunda
S/Tanganyika;Secteur Tanganyika;T/Fizi
S/Tooli;Secteur Tooli;T/Opala
S/Tsanga-Sud;Secteur Tsanga-Sud;T/Lukula
S/Tshibote;Secteur Tshibote;T/Demba
S/Tshibungu;Secteur Tshibungu;T/Demba
S/Tshijiba;Secteur Tshijiba;T/Miabi
S/Tshikapa;Secteur Tshikapa;T/Kamonia
S/Tshilundu;Secteur Tshilundu;T/Miabi
S/Tshishilu;Secteur Tshishilu;T/Dibaya
S/Tshitadi;Secteur Tshitadi;T/Kazumba
S/Tshiyamba;Secteur Tshiyamba;T/Ngandajika
S/Tshofa;Secteur Tshofa;T/Lubao
S/Tshuapa;Secteur Tshuapa;T/Ikela
S/Tsundi-Sud;Secteur Tsundi-Sud;T/Lukula
S/Tumbenga;Secteur Tumbenga;T/Ikela
S/Turumbu (Basoko);Secteur Turumbu (Basoko);T/Basoko
S/Turumbu (Isangi);Secteur Turumbu (Isangi);T/Isangi
S/Ukulungu;Secteur Ukulungu;T/Katako-Kombe
S/Ulindi;Secteur Ulindi;T/Punia
S/Vunayi;Secteur Vunayi;T/Kabinda
S/Vunge;Secteur Vunge;T/Lodja
S/Wakabango II;Secteur Wakabango II;T/Pangi
S/Waka-Bokeka;Secteur Waka-Bokeka;T/Basankusu
S/Walendu-Djatsi;Secteur Walendu-Djatsi;T/Djugu
S/Walendu-Pitsi;Secteur Walendu-Pitsi;T/Djugu
S/Walendu-Tatsi;Secteur Walendu-Tatsi;T/Djugu
S/Walengola-Babira;Secteur Walengola-Babira;T/Ubundu
S/Walengola-Baleka;Secteur Walengola-Baleka;T/Ubundu
S/Walengola-Lilo;Secteur Walengola-Lilo;T/Ubundu
S/Walengola-Lowa;Secteur Walengola-Lowa;T/Ubundu
S/Wamaza;Secteur Wamaza;T/Kabambare
S/Wamba-Fatundu;Secteur Wamba-Fatundu;T/Bagata
S/Wanianga;Secteur Wanianga;T/Walikale
S/Wapinda;Secteur Wapinda;T/Yakoma
S/Wasongola;Secteur Wasongola;T/Kailo
S/Watambulu;Secteur Watambulu;T/Lodja
S/Watambulu-Nord;Secteur Watambulu-Nord;T/Katako-Kombe
S/Watambulu-Sud;Secteur Watambulu-Sud;T/Katako-Kombe
S/Wazimba-Wa-Maringa;Secteur Wazimba-Wa-Maringa;T/Kasongo
S/Wazimba-Wa-Mulu;Secteur Wazimba-Wa-Mulu;T/Kasongo
S/Wini;Secteur Wini;T/Boende
S/Wombo;Secteur Wombo;T/Songololo
S/Yakoma;Secteur Yakoma;T/Yakoma
S/Yala;Secteur Yala;T/Djolu
S/Yalikandja-Yanonge;Secteur Yalikandja-Yanonge;T/Isangi
S/Yandongi;Secteur Yandongi;T/Bumba
S/Yaokondja;Secteur Yaokondja;T/Isangi
S/Yasa-Lokwa;Secteur Yasa-Lokwa;T/Idiofa
S/Yawembe-Basoa;Secteur Yawembe-Basoa;T/Isangi
S/Yawende-Lolo;Secteur Yawende-Lolo;T/Opala
S/Yoko;Secteur Yoko;T/Aketi
S/Yonso;Secteur Yonso;T/Popokabaka
